Nome; Idade; Vaga; Estado
Isabella Real;18 anos;Mobile;PI
Kaique Rocha;18 anos;QA;MS
Benedita Nunes;18 anos;Mobile;PB
Henrique Rezende;18 anos;QA;BA
Raul Silva;18 anos;Mobile;PA
Eduarda Almada;18 anos;Mobile;MG
Clarice Brito;18 anos;Web;DF
Marli Barbosa;18 anos;QA;PE
Anderson Costa;18 anos;Web;PE
Jorge Alves;18 anos;Mobile;RS
Maria Martins;18 anos;QA;MG
Debora Santos;18 anos;QA;TO
Amanda Brito;18 anos;Mobile;PE
Pedro Neves;18 anos;Web;GO
Emanuelly Cardoso;18 anos;Mobile;RJ
Caleb Martins;18 anos;QA;AP
Bruno Assis;18 anos;QA;AL
Kamilly Costa;18 anos;Mobile;RR
Gabrielly Baptista;18 anos;Mobile;AC
Vicente Nascimento;18 anos;Mobile;PE
Luana Cavalcanti;18 anos;Web;CE
Antonia Neves;18 anos;Web;PA
Marcos Pereira;18 anos;Mobile;CE
Oliver Barbosa;18 anos;Mobile;RJ
Benedita Santos;18 anos;QA;PE
Natalia Conceicao;18 anos;QA;MT
Caleb Bernardes;18 anos;QA;PI
Carlos Fernandes;18 anos;Web;PE
Ester Dias;18 anos;Mobile;PR
Murilo Teixeira;18 anos;QA;PB
Tomas Pires;18 anos;Mobile;RJ
Caue Moura;18 anos;Web;PR
Giovanna Teixeira;18 anos;Web;MA
Thales Galvao;18 anos;QA;BA
Maria Pereira;18 anos;Web;AM
Caua Moraes;18 anos;QA;CE
Benedito Assuncao;18 anos;Mobile;AC
Liz Neves;18 anos;Web;MA
Helena Ribeiro;18 anos;QA;PI
Hugo Rezende;18 anos;Web;BA
Heloise Moraes;18 anos;Mobile;PA
Betina Melo;18 anos;Web;AC
Marcela Campos;18 anos;QA;AL
Andrea Rocha;18 anos;Web;PB
Caua Cruz;18 anos;QA;MS
Lais Rocha;18 anos;Web;MG
Clarice Ribeiro;18 anos;Web;RJ
Henrique Mota;18 anos;Web;MG
Alicia Assuncao;18 anos;QA;TO
Juliana Castro;18 anos;Mobile;SE
Diogo Duarte;18 anos;Web;SC
Anderson Castro;18 anos;Mobile;SE
Marcelo Freitas;18 anos;QA;GO
Antonio Rocha;18 anos;QA;PR
Raquel Real;18 anos;Mobile;TO
Heloisa Mendes;18 anos;Web;AC
Lais Farias;18 anos;Web;AM
Martin Barbosa;18 anos;QA;AM
Elias Figueiredo;18 anos;QA;MT
Ian Teixeira;18 anos;Web;AL
Juan Silva;18 anos;Mobile;PB
Guilherme Assuncao;18 anos;QA;AP
Josefa Santos;18 anos;Web;RO
Pietro Gomes;18 anos;Mobile;MA
Andreia Cardoso;18 anos;Web;AM
Andrea Lima;18 anos;QA;PR
Tereza Farias;18 anos;QA;PI
Diogo Gomes;18 anos;Mobile;PB
Tatiane Cavalcanti;18 anos;Mobile;RO
Silvana Silveira;18 anos;QA;MS
Melissa Moura;18 anos;QA;SP
Luan Jesus;18 anos;Mobile;AL
Patricia Baptista;18 anos;Mobile;MG
Iago Pires;18 anos;Web;SE
Maria Moraes;18 anos;Web;RN
Caua Oliveira;18 anos;QA;BA
Bryan Silva;18 anos;Web;TO
Clara Campos;18 anos;QA;SP
Sabrina Souza;18 anos;QA;AC
Alicia Sales;18 anos;QA;PE
Matheus Melo;18 anos;Mobile;PB
Pedro Almada;18 anos;QA;RR
Murilo Rodrigues;18 anos;Mobile;PA
Renato Conceicao;18 anos;Mobile;MS
Sueli Silveira;18 anos;Web;PB
Samuel Cardoso;18 anos;QA;PI
Larissa Vieira;18 anos;Mobile;TO
Rosangela Assis;18 anos;Mobile;AL
Bruna Moura;18 anos;Web;RO
Samuel Pereira;18 anos;Web;AC
Rayssa Porto;20 anos;QA;RS
Bryan Galvao;20 anos;Mobile;GO
Luana Ramos;20 anos;QA;CE
Giovana Cavalcanti;20 anos;QA;CE
Fabiana Neves;20 anos;QA;SP
Debora Goncalves;20 anos;QA;MT
Camila Moreira;20 anos;Mobile;SP
Elisa Mendes;20 anos;QA;PI
Lavinia Araujo;20 anos;Web;MT
Mario Viana;20 anos;Web;RN
Carlos Novaes;20 anos;Web;GO
Cecilia Souza;20 anos;Mobile;PR
Carolina Aragao;20 anos;Web;RR
Elias Oliveira;20 anos;Web;DF
Isaac Cruz;20 anos;Mobile;MA
Isabela Figueiredo;20 anos;Mobile;AM
Heloisa Sales;20 anos;Mobile;PA
Rodrigo Carvalho;20 anos;Mobile;RN
Marcos Farias;20 anos;QA;SC
Calebe Oliveira;20 anos;Web;MA
Ian Duarte;20 anos;Mobile;RN
Sandra Moura;20 anos;QA;SE
Lais Monteiro;20 anos;QA;RN
Iago Luz;20 anos;QA;MA
Yago Sales;20 anos;Web;RO
Vanessa Oliveira;20 anos;Web;RR
Fernando Duarte;20 anos;QA;RO
Giovanna Santos;20 anos;Web;PI
Guilherme Cardoso;20 anos;Web;PA
Caleb Lima;20 anos;Web;AM
Guilherme Goncalves;20 anos;Mobile;AM
Isabella Barbosa;20 anos;Web;MT
Davi Fogaca;20 anos;QA;RJ
Stella Fernandes;20 anos;Web;PR
Louise Assuncao;20 anos;Web;BA
Hadassa Nascimento;20 anos;Web;SP
Jorge Conceicao;20 anos;Mobile;SC
Henrique Pinto;20 anos;Mobile;ES
Sarah Silva;20 anos;Mobile;SC
Calebe Vieira;20 anos;Web;MS
Luana Nunes;20 anos;QA;DF
Giovana Jesus;20 anos;QA;PI
Raimundo Alves;20 anos;Mobile;GO
Tomas Nascimento;20 anos;Mobile;PI
Hugo Pires;20 anos;Mobile;PE
Andreia Almada;20 anos;Mobile;PB
Tomas Luz;20 anos;QA;AP
Luis Martins;20 anos;QA;MT
Jose Assuncao;20 anos;QA;TO
Camila Novaes;20 anos;Mobile;SP
Marcio Silveira;20 anos;Web;MS
Gabriela Ferreira;20 anos;QA;AP
Anderson Teixeira;20 anos;QA;PB
Antonella Rezende;20 anos;Mobile;ES
Thiago Assis;20 anos;QA;RS
Amanda Costa;20 anos;QA;AM
Bernardo Dias;20 anos;Mobile;MA
Adriana Drumond;20 anos;Mobile;AM
Silvana Drumond;20 anos;QA;PA
Sophia Vieira;20 anos;Web;ES
Sophia Bernardes;21 anos;Web;MG
Augusto Santos;21 anos;Web;AM
Maria Costa;21 anos;QA;RR
Otavio Rocha;21 anos;Mobile;ES
Regina Duarte;21 anos;QA;DF
Rodrigo Rezende;21 anos;Web;RJ
Paulo Santos;21 anos;Mobile;RJ
Betina Rocha;21 anos;Web;MT
Carolina Moreira;21 anos;Mobile;MA
Manuela Castro;21 anos;Mobile;AL
Alessandra Real;21 anos;Web;MA
Caio Rosa;21 anos;Web;SC
Bryan Cruz;21 anos;Mobile;SC
Caio Silva;21 anos;Mobile;AL
Melissa Melo;21 anos;QA;DF
Mateus Real;21 anos;Mobile;MA
Benicio Vieira;21 anos;QA;TO
Antonella Martins;21 anos;Web;PE
Carolina Rocha;21 anos;Mobile;AC
Iago Lima;21 anos;QA;AP
Maria Martins;21 anos;QA;CE
Ryan Teixeira;21 anos;Mobile;PI
Carolina Rosa;21 anos;Web;MT
Beatriz Farias;21 anos;Mobile;SC
Kamilly Pires;21 anos;QA;RR
Nathan Freitas;21 anos;QA;AC
Mario Brito;21 anos;QA;PI
Tereza Rezende;21 anos;QA;RN
Barbara Souza;21 anos;Web;MA
Eliane Galvao;21 anos;QA;PI
Bruna Martins;21 anos;QA;RR
Martin Goncalves;21 anos;Mobile;MG
Raimundo Barros;21 anos;Web;PB
Luna Paula;21 anos;Web;PI
Olivia Farias;21 anos;QA;AC
Yasmin Dias;21 anos;Web;CE
Joaquim Rocha;21 anos;QA;AC
Heitor Ramos;21 anos;Web;RR
Tereza Cavalcanti;21 anos;Web;AL
Sebastiao Lopes;21 anos;Mobile;MS
Caua Cruz;21 anos;Web;GO
Lucca Mota;21 anos;Web;RO
Igor Castro;21 anos;QA;MA
Manuela Paz;21 anos;Mobile;PE
Nicolas Baptista;21 anos;QA;AM
Rita Fernandes;21 anos;Web;SP
Juan Moreira;21 anos;QA;PA
Igor Campos;21 anos;Mobile;ES
Carlos Lima;21 anos;Mobile;RN
Luciana Ramos;21 anos;QA;SC
Lorena Vieira;21 anos;QA;RR
Luis Teixeira;21 anos;QA;AM
Tatiane Lopes;21 anos;QA;PR
Murilo Drumond;21 anos;Mobile;ES
Nelson Rosa;21 anos;QA;PA
Juan Drumond;21 anos;QA;MG
Olivia Ribeiro;21 anos;Web;MT
Antonio Lima;21 anos;Mobile;AP
Kevin Teixeira;21 anos;Web;AC
Isabelle Aparicio;21 anos;QA;SE
Olivia Mota;22 anos;Mobile;SP
Rodrigo Mata;22 anos;Mobile;RR
Elaine Rocha;22 anos;Mobile;MS
Enzo Paula;22 anos;QA;AC
Erick Almeida;22 anos;QA;PR
Mariah Santos;22 anos;Mobile;MA
Bento Mendes;22 anos;Mobile;AC
Renato Aragao;22 anos;QA;DF
Marli Fogaca;22 anos;QA;GO
Guilherme Oliveira;22 anos;QA;RN
Simone Assuncao;22 anos;Web;RN
Cristiane Campos;22 anos;Mobile;CE
Aline Fernandes;22 anos;Web;RJ
Emanuelly Costa;22 anos;Web;PB
Rosa Lima;22 anos;Web;PR
Roberto Silva;22 anos;QA;PR
Alexandre Martins;22 anos;Mobile;TO
Leandro Dias;22 anos;QA;DF
Igor Assuncao;22 anos;Web;BA
Mario Lopes;22 anos;QA;PI
Olivia Porto;22 anos;Web;BA
Lucca Moraes;22 anos;Web;GO
Breno Almada;22 anos;Web;RJ
Manuela Costa;22 anos;Web;SC
Clara Nascimento;22 anos;Mobile;TO
Giovanni Rocha;22 anos;Web;PA
Aline Pinto;22 anos;Web;MA
Carlos Rezende;22 anos;Web;DF
Luciana Brito;22 anos;Web;DF
Vera Aragao;22 anos;Web;MA
Claudia Gomes;22 anos;Mobile;SE
Gabriel Lopes;22 anos;Mobile;DF
Theo Gomes;22 anos;Web;SE
Gabriel Luz;22 anos;Web;PE
Luiz Fernandes;22 anos;Mobile;AC
Manoel Barros;22 anos;Web;ES
Carlos Nogueira;22 anos;QA;SE
Igor Alves;22 anos;Web;RN
Matheus Mata;22 anos;QA;BA
Caleb Neves;22 anos;Mobile;AC
Fabio Drumond;22 anos;QA;MT
Gabrielly Araujo;22 anos;QA;BA
Hugo Pinto;22 anos;Web;SE
Mirella Cardoso;22 anos;QA;RS
Ruan Rocha;22 anos;Mobile;AC
Augusto Melo;22 anos;QA;CE
Carolina Barbosa;22 anos;Web;PR
Leticia Cunha;22 anos;Mobile;PI
Maite Viana;22 anos;Mobile;ES
Ian Pinto;22 anos;QA;PR
Sebastiao Cavalcanti;22 anos;Web;RO
Beatriz Santos;22 anos;Web;AC
Stefany Almeida;22 anos;Web;BA
Catarina Dias;22 anos;Mobile;RR
Henrique Araujo;22 anos;Mobile;CE
Ayla Pereira;22 anos;Mobile;ES
Iago Pinto;22 anos;Mobile;SP
Gabriel Viana;22 anos;Web;AC
Yasmin Bernardes;22 anos;QA;MT
Liz Goncalves;23 anos;Mobile;AP
Rafael Pires;23 anos;QA;CE
Yuri Santos;23 anos;Mobile;SE
Esther Santos;23 anos;Mobile;ES
Sebastiana Rezende;23 anos;QA;SE
Yuri Lima;23 anos;Web;AM
Teresinha Araujo;23 anos;QA;MG
Amanda Paz;23 anos;Mobile;SP
Renata Galvao;23 anos;Mobile;AP
Paulo Duarte;23 anos;Mobile;PI
Emily Lima;23 anos;Web;MS
Alexandre Ribeiro;23 anos;Web;AC
Miguel Conceicao;23 anos;Web;MS
Louise Brito;23 anos;Web;PR
Marcia Cruz;23 anos;QA;PE
Luis Rosa;23 anos;QA;AC
Claudio Rezende;23 anos;Web;TO
Helena Pires;23 anos;QA;RR
Manuela Luz;23 anos;Mobile;ES
Caue Fernandes;23 anos;Web;RS
Clarice Sales;23 anos;Mobile;TO
Isabelle Gomes;23 anos;Web;AC
Nathan Mota;23 anos;Web;RS
Gabriela Cunha;23 anos;Mobile;PB
Gabrielly Melo;23 anos;Mobile;RO
Raimundo Mendes;23 anos;Mobile;RS
Luis Silva;23 anos;QA;ES
Eloa Cardoso;23 anos;Mobile;AC
Bruna Rocha;23 anos;QA;DF
Luiz Baptista;23 anos;QA;PI
Barbara Cavalcanti;24 anos;QA;RJ
Vitor Monteiro;24 anos;QA;AP
Jorge Paula;24 anos;Mobile;CE
Teresinha Dias;24 anos;Web;MG
Giovana Oliveira;24 anos;Mobile;SE
Ayla Rodrigues;24 anos;Mobile;MS
Murilo Silveira;24 anos;Web;AM
Victor Castro;24 anos;Mobile;PE
Alicia Figueiredo;24 anos;Mobile;PA
Davi Cunha;24 anos;Web;GO
Eduarda Silva;24 anos;Web;MS
Silvana Baptista;24 anos;Mobile;AM
Lucia Oliveira;24 anos;QA;AP
Tiago Farias;24 anos;Web;PA
Beatriz Novaes;24 anos;Mobile;MG
Antonia Ribeiro;24 anos;QA;GO
Alana Martins;24 anos;Mobile;AC
Tiago Araujo;24 anos;Web;AP
Vanessa Freitas;24 anos;Mobile;PE
Benjamin Rosa;24 anos;QA;RS
Sonia Real;24 anos;Mobile;RN
Caleb Rocha;24 anos;Web;AL
Bruna Farias;24 anos;Mobile;SC
Augusto Fernandes;24 anos;Web;RS
Heloise Luz;24 anos;Web;BA
Adriana Rocha;24 anos;Mobile;PR
Stella Almada;24 anos;QA;DF
Heloisa Porto;24 anos;QA;PE
Marcio Fernandes;24 anos;Web;AP
Mariah Almada;24 anos;Mobile;MG
Ana Castro;25 anos;QA;RS
Reinier Monteiro;25 anos;QA;SC
Bernardo Aparicio;26 anos;Web;AC
Carlos Gomes;26 anos;Mobile;ES
Sergio Bernardes;26 anos;QA;AM
Bryan Rezende;26 anos;Web;SC
Jessica Rosa;26 anos;Mobile;ES
Vitoria Melo;26 anos;QA;TO
Raimundo Monteiro;26 anos;Mobile;ES
Alana Jesus;26 anos;QA;MA
Mirella Almeida;26 anos;QA;MA
Luna Goncalves;26 anos;Mobile;ES
Bryan Silva;26 anos;QA;PE
Carlos Mota;26 anos;Web;PA
Tomas Mendes;26 anos;Mobile;ES
Sebastiao Goncalves;26 anos;Web;AC
Daniela Moreira;26 anos;Mobile;MG
Maite Ribeiro;26 anos;Web;PA
Lara Paula;26 anos;QA;MS
Hadassa Nunes;26 anos;QA;PI
Benicio Melo;26 anos;Web;CE
Agatha Cunha;26 anos;QA;MT
Renato Sales;26 anos;QA;MA
Diego Cavalcanti;26 anos;QA;AC
Thomas Fogaca;26 anos;QA;AM
Geraldo Mota;26 anos;Mobile;RN
Joaquim Santos;26 anos;QA;RO
Samuel Almeida;26 anos;Mobile;SE
Andreia Ramos;26 anos;QA;MG
Sebastiao Nogueira;26 anos;QA;DF
Bento Porto;26 anos;Mobile;AC
Giovanna Costa;26 anos;QA;RJ
Natalia Real;28 anos;Web;MA
Aline Neves;28 anos;Web;SC
Isabel Drumond;28 anos;Mobile;RR
Pedro Rezende;28 anos;Web;PI
Sabrina Moura;28 anos;Mobile;RR
Enzo Barros;28 anos;Web;TO
Mateus Brito;28 anos;Web;RJ
Barbara Ribeiro;28 anos;Web;RN
Daniela Lopes;28 anos;Web;RS
Enzo Jesus;28 anos;Web;MS
Carlos Moreira;28 anos;Mobile;PR
Heloisa Jesus;28 anos;Web;BA
Vinicius Viana;28 anos;QA;SP
Fernando Novaes;28 anos;Mobile;MA
Isaac Real;28 anos;QA;ES
Edson Brito;28 anos;Mobile;DF
Manoel Ramos;28 anos;Web;PR
Elaine Assis;28 anos;Web;PB
Marli Castro;28 anos;QA;TO
Calebe Rocha;28 anos;Web;MG
Ayla Teixeira;28 anos;Web;PI
Severino Mata;28 anos;Mobile;CE
Kaique Costa;28 anos;Web;GO
Mariane Fogaca;28 anos;QA;MS
Daniel Ramos;28 anos;Mobile;TO
Barbara Peixoto;28 anos;QA;GO
Luiz Novaes;28 anos;QA;AM
Alana Aragao;28 anos;Web;SP
Pietra Viana;28 anos;Web;SC
Amanda Fogaca;28 anos;Web;MG
Ruan Figueiredo;29 anos;Mobile;BA
Isadora Rocha;29 anos;QA;SP
Alexandre Silva;29 anos;Mobile;RN
Adriana Nunes;29 anos;QA;DF
Vera Paula;29 anos;QA;GO
Lorenzo Cunha;29 anos;QA;GO
Marcio Araujo;29 anos;Web;AC
Allana Pires;29 anos;Mobile;AM
Sophia Pires;29 anos;Web;PI
Augusto Duarte;29 anos;QA;RJ
Marlene Moreira;29 anos;Mobile;BA
Murilo Fogaca;29 anos;QA;RO
Lucas Farias;29 anos;QA;PB
Julia Bernardes;29 anos;QA;ES
Andreia Mata;29 anos;QA;DF
Jorge Campos;29 anos;Web;RS
Rafael Fogaca;29 anos;Web;RS
Bento Silva;29 anos;Mobile;MG
Henrique Baptista;29 anos;Web;MS
Joao Barbosa;29 anos;Web;PR
Sonia Rocha;29 anos;QA;PB
Enrico Sales;29 anos;Web;TO
Vanessa Sales;29 anos;Mobile;RS
Danilo Oliveira;29 anos;Web;RS
Thiago Jesus;29 anos;Mobile;RO
Gustavo Costa;29 anos;Web;PB
Sonia Luz;29 anos;Web;AM
Juan Porto;29 anos;Mobile;ES
Priscila Paula;29 anos;QA;PE
Yasmin Campos;29 anos;Mobile;MT
Enzo Barros;32 anos;Mobile;SP
Thomas Almada;32 anos;Mobile;RN
Teresinha Mendes;32 anos;Web;AP
Arthur Costa;32 anos;QA;AC
Caua Aragao;32 anos;QA;RN
Isabella Rosa;32 anos;QA;RO
Raimunda Monteiro;32 anos;Mobile;PB
Raimundo Novaes;32 anos;QA;PA
Carolina Souza;32 anos;Mobile;PI
Ruan Baptista;32 anos;QA;SE
Claudio Duarte;32 anos;Web;SP
Thiago Galvao;32 anos;QA;MT
Mariana Moraes;32 anos;Mobile;PA
Joaquim Galvao;32 anos;QA;RR
Marcia Farias;32 anos;Web;PB
Stella Campos;32 anos;QA;RJ
Lucas Novaes;32 anos;QA;PE
Kaique Silva;32 anos;Web;MT
Kevin Sales;32 anos;QA;PI
Kamilly Cunha;32 anos;Web;TO
Sebastiana Farias;32 anos;Mobile;ES
Felipe Rocha;32 anos;Web;PB
Mariana Novaes;32 anos;QA;PB
Rayssa Pinto;32 anos;Mobile;AC
Fatima Martins;32 anos;Web;PB
Mariah Pires;32 anos;Mobile;MT
Fatima Silveira;32 anos;QA;CE
Pedro Cruz;32 anos;QA;RJ
Lorena Duarte;32 anos;Web;AC
Carla Cavalcanti;32 anos;Web;DF
Breno Moraes;32 anos;Web;AP
Mirella Jesus;32 anos;QA;RO
Levi Araujo;32 anos;Mobile;PE
Eduardo Rodrigues;32 anos;Web;SC
Luna Vieira;32 anos;QA;PE
Geraldo Silveira;32 anos;Web;RR
Leticia Monteiro;32 anos;Web;MT
Caua Castro;32 anos;Web;MA
Hugo Galvao;32 anos;Mobile;PR
Ricardo Ramos;32 anos;Mobile;RJ
Claudia Almeida;32 anos;Mobile;ES
Nicole Luz;32 anos;QA;PB
Luzia Cavalcanti;32 anos;Mobile;PR
Patricia Brito;32 anos;Mobile;GO
Carla Jesus;32 anos;QA;ES
Carla Rodrigues;32 anos;QA;BA
Eloa Nunes;32 anos;QA;RJ
Lara Ramos;32 anos;QA;CE
Ayla Paula;32 anos;Mobile;AC
Giovanni Cunha;32 anos;Web;ES
Elisa Duarte;32 anos;Web;AL
Gael Jesus;32 anos;Mobile;RR
Kaue Barbosa;32 anos;Web;PI
Ester Cruz;32 anos;Web;AM
Caio Novaes;32 anos;Web;RJ
Kevin Luz;32 anos;Mobile;MA
Carolina Pires;32 anos;Web;RO
Fernando Almada;32 anos;Mobile;SE
Stefany Silva;32 anos;QA;MG
Filipe Aragao;32 anos;QA;MS
Emily Oliveira;32 anos;Mobile;AM
Benicio Rocha;32 anos;Web;RJ
Geraldo Bernardes;32 anos;Web;GO
Nicole Real;32 anos;QA;TO
Elias Freitas;32 anos;Mobile;RS
Regina Costa;32 anos;Web;AC
Nina Peixoto;32 anos;Web;RJ
Fernando Moreira;32 anos;Mobile;RN
Sandra Galvao;32 anos;QA;MA
Emanuel Alves;32 anos;Web;RJ
Jose Drumond;32 anos;Web;RR
Otavio Teixeira;32 anos;Web;MS
Jaqueline Mata;32 anos;Mobile;AM
Raimundo Jesus;32 anos;Mobile;TO
Caroline Silva;32 anos;QA;MS
Francisca Viana;32 anos;Web;SE
Brenda Caldeira;32 anos;QA;SE
Natalia Costa;32 anos;Web;PI
Danilo Duarte;32 anos;Mobile;CE
Lais Peixoto;32 anos;Mobile;AC
Stefany Porto;32 anos;Web;MA
Rita Brito;32 anos;QA;RR
Valentina Almada;32 anos;Mobile;TO
Caua Lima;32 anos;QA;DF
Manuel Fogaca;32 anos;Web;GO
Diogo Jesus;32 anos;QA;CE
Erick Silva;32 anos;QA;PA
Nicolas Cunha;32 anos;Mobile;PI
Benedita Teixeira;32 anos;QA;ES
Carolina Pires;32 anos;Mobile;AL
Gabriel Mendes;32 anos;Web;RR
Jose Silva;32 anos;Web;MS
Osvaldo Figueiredo;32 anos;QA;MG
Juan Rodrigues;32 anos;Mobile;TO
Ayla Rosa;32 anos;QA;SE
Vera Silva;32 anos;Mobile;PB
Nathan Aragao;32 anos;Mobile;DF
Luiz Santos;32 anos;Web;AP
Yuri Gomes;32 anos;Mobile;SE
Calebe Rocha;32 anos;Mobile;SE
Francisca Conceicao;32 anos;QA;SC
Leonardo Araujo;32 anos;Web;SP
Erick Ramos;32 anos;Web;SP
Marlene Silva;32 anos;QA;RN
Yago Ribeiro;32 anos;Web;RS
Camila Figueiredo;32 anos;QA;DF
Milena Nogueira;32 anos;QA;GO
Daniel Moura;32 anos;QA;RJ
Arthur Peixoto;32 anos;Mobile;SP
Luis Almeida;32 anos;QA;RJ
Louise Rosa;32 anos;QA;AL
Agatha Luz;32 anos;QA;SC
Ryan Santos;32 anos;Web;ES
Enrico Nascimento;32 anos;Mobile;RJ
Vitor Bernardes;32 anos;Mobile;MS
Paulo Oliveira;32 anos;Mobile;DF
Lucas Sales;32 anos;Web;PA
Natalia Moraes;32 anos;Web;RO
Yago Conceicao;32 anos;Mobile;RJ
Gabrielly Figueiredo;32 anos;Web;MA
Antonio Moura;33 anos;QA;PR
Luis Rocha;33 anos;Mobile;PI
Alice Mata;33 anos;Mobile;PE
Guilherme Gomes;33 anos;Mobile;MG
Davi Barros;33 anos;Web;DF
Heloise Real;33 anos;Web;AM
Eliane Jesus;33 anos;Mobile;RN
Felipe Monteiro;33 anos;Web;RN
Fernando Melo;33 anos;Web;MT
Pedro Sales;33 anos;QA;RS
Renato Nunes;33 anos;Web;MG
Mariah Souza;33 anos;QA;RJ
Rodrigo Nogueira;33 anos;Mobile;RS
Mariah Baptista;33 anos;Web;RN
Nicole Peixoto;33 anos;Mobile;RN
Liz Porto;33 anos;QA;AC
Jose Rodrigues;33 anos;QA;RS
Carla Alves;33 anos;Web;RR
Luan Paula;33 anos;Web;AM
Elaine Vieira;33 anos;Web;PE
Mariana Nogueira;33 anos;Mobile;DF
Julia Castro;33 anos;Mobile;AM
Teresinha Monteiro;33 anos;Web;CE
Lais Barros;33 anos;Web;RN
Anderson Costa;33 anos;QA;PE
Davi Sales;33 anos;QA;RO
Sophia Caldeira;33 anos;QA;RR
Thales Novaes;33 anos;Mobile;BA
Benedita Castro;33 anos;QA;PA
Carolina Pinto;33 anos;Web;RS
Nicole Cavalcanti;33 anos;QA;AM
Benedita Real;33 anos;QA;MT
Renato Ribeiro;33 anos;Mobile;RJ
Nicole Melo;33 anos;Web;RO
Francisca Cunha;33 anos;QA;CE
Caleb Silva;33 anos;Web;AC
Maite Novaes;33 anos;Web;SP
Vitoria Dias;33 anos;QA;ES
Oliver Costa;33 anos;Web;CE
Bryan Monteiro;33 anos;Mobile;RS
Carlos Alves;33 anos;QA;AL
Carla Nascimento;33 anos;Web;AM
Marcio Rosa;33 anos;QA;RS
Ana Rezende;33 anos;QA;SC
Fernanda Rezende;33 anos;Web;RO
Eloa Brito;33 anos;QA;PE
Silvana Cavalcanti;33 anos;QA;RJ
Caue Bernardes;33 anos;Mobile;RO
Fernanda Costa;33 anos;Web;PA
Bryan Rocha;33 anos;Web;RR
Bernardo Cruz;33 anos;Mobile;AP
Diego Ribeiro;33 anos;QA;AC
Allana Peixoto;33 anos;QA;CE
Caue Cavalcanti;33 anos;QA;GO
Erick Cardoso;33 anos;Web;SC
Elias Jesus;33 anos;Mobile;AP
Regina Mota;33 anos;Web;AC
Gustavo Paz;33 anos;QA;RS
Julia Caldeira;33 anos;Mobile;RO
Iago Pereira;33 anos;QA;CE
Mariah Jesus;34 anos;Mobile;RN
Marli Paz;34 anos;Mobile;PE
Leticia Caldeira;34 anos;Mobile;CE
Jennifer Carvalho;34 anos;Mobile;AC
Fabiana Rocha;34 anos;QA;TO
Larissa Campos;34 anos;QA;MA
Antonella Lopes;34 anos;Mobile;RO
Mariah Paz;34 anos;Web;MT
Enrico Ferreira;34 anos;QA;PE
Silvana Nogueira;34 anos;Web;SP
Alessandra Moraes;34 anos;Mobile;RN
Heitor Melo;34 anos;Mobile;AC
Lara Bernardes;34 anos;Mobile;AL
Iago Cavalcanti;34 anos;Web;PE
Esther Barbosa;34 anos;Web;PA
Carlos Jesus;34 anos;QA;PR
Aurora Cunha;34 anos;Web;RJ
Sueli Goncalves;34 anos;Web;AC
Geraldo Ribeiro;34 anos;Web;RN
Sara Neves;34 anos;QA;RO
Carolina Real;34 anos;QA;AL
Emanuelly Assis;34 anos;QA;RJ
Elaine Ramos;34 anos;Web;RR
Alessandra Nunes;34 anos;QA;RJ
Caleb Rodrigues;34 anos;QA;MG
Priscila Mata;34 anos;Mobile;SP
Marli Figueiredo;34 anos;Mobile;SP
Sara Paz;34 anos;Mobile;BA
Ryan Rezende;34 anos;QA;SC
Luan Cardoso;34 anos;Mobile;AP
Breno Costa;34 anos;Web;ES
Adriana Oliveira;34 anos;QA;PB
Breno Galvao;34 anos;Mobile;PE
Bernardo Silva;34 anos;Web;MT
Edson Santos;34 anos;Mobile;AC
Levi Fernandes;34 anos;QA;SC
Augusto Santos;34 anos;Web;RJ
Esther Novaes;34 anos;QA;CE
Cristiane Alves;34 anos;Mobile;PR
Bruna Campos;34 anos;Mobile;AC
Yuri Santos;34 anos;Web;PA
Pietro Silveira;34 anos;QA;PB
Tereza Souza;34 anos;QA;SP
Rodrigo Moura;34 anos;QA;SP
Sophia Mendes;34 anos;Web;AP
Manoel Galvao;34 anos;Mobile;MS
Enzo Lima;34 anos;Web;RR
Carolina Baptista;34 anos;Web;RN
Kevin Brito;34 anos;Mobile;AC
Antonella Mata;34 anos;Mobile;GO
Maria Pinto;34 anos;Mobile;TO
Catarina Pires;34 anos;Mobile;SP
Manoel Rosa;34 anos;QA;MT
Raimunda Mota;34 anos;Web;RO
Henrique Paz;34 anos;QA;SE
Nicolas Mendes;34 anos;Web;CE
Kaue Rocha;34 anos;Web;SE
Clara Costa;34 anos;Web;PA
Lorena Mendes;34 anos;Web;DF
Renan Mata;34 anos;Mobile;MG
Anthony Souza;35 anos;Mobile;RS
Marcos Pereira;35 anos;Mobile;SP
Luiz Brito;35 anos;Web;TO
Clarice Bernardes;35 anos;Web;GO
Samuel Figueiredo;35 anos;Mobile;AM
Rita Mota;35 anos;QA;SC
Jorge Galvao;35 anos;Mobile;GO
Heloise Rezende;35 anos;QA;PE
Louise Aragao;35 anos;Mobile;SC
Igor Costa;35 anos;Mobile;MG
Rafaela Rocha;35 anos;Mobile;PA
Valentina Melo;35 anos;Mobile;AP
Jessica Campos;35 anos;QA;RR
Pietro Costa;35 anos;Web;RO
Giovanni Rodrigues;35 anos;QA;MA
Eliane Aragao;35 anos;Web;SE
Julia Ferreira;35 anos;Mobile;GO
Guilherme Monteiro;35 anos;QA;GO
Sergio Sales;35 anos;QA;BA
Pedro Nogueira;35 anos;Web;MT
Alana Araujo;35 anos;Web;PA
Malu Barbosa;35 anos;QA;AL
Miguel Campos;35 anos;QA;PI
Isabel Mendes;35 anos;QA;DF
Thomas Costa;35 anos;Mobile;MG
Louise Pires;35 anos;Mobile;PI
Filipe Brito;35 anos;Mobile;PE
Luana Conceicao;35 anos;Mobile;AM
Diogo Gomes;35 anos;QA;MT
Sara Santos;35 anos;Mobile;BA
Daiane Cardoso;39 anos;Mobile;RJ
Ana Cunha;39 anos;Mobile;AC
Rosangela Carvalho;39 anos;QA;SE
Benedito Mata;39 anos;Mobile;BA
Giovanna Baptista;39 anos;Mobile;SE
Lucia Dias;39 anos;Mobile;RR
Caio Cardoso;39 anos;QA;SP
Larissa Pires;39 anos;Web;SP
Fabio Carvalho;39 anos;QA;AL
Emanuel Luz;39 anos;Web;TO
Eloa Sales;39 anos;QA;MT
Nina Rodrigues;39 anos;QA;PA
Tatiane Novaes;39 anos;Mobile;PR
Erick Galvao;39 anos;Mobile;MT
Olivia Moraes;39 anos;QA;MA
Lucas Farias;39 anos;Web;BA
Caua Monteiro;39 anos;Web;RO
Jaqueline Vieira;39 anos;QA;ES
Sabrina Nascimento;39 anos;Mobile;AP
Sarah Silveira;39 anos;QA;BA
Geraldo Gomes;39 anos;Web;TO
Vitor Mota;39 anos;Web;PB
Igor Dias;39 anos;QA;RJ
Carlos Aparicio;39 anos;QA;RN
Clarice Araujo;39 anos;Web;CE
Julia Aragao;39 anos;Web;RR
Lucca Moreira;39 anos;QA;DF
Malu Assis;39 anos;Web;RO
Caleb Ferreira;39 anos;Web;PI
Raimunda Farias;39 anos;Mobile;ES
Jose Baptista;42 anos;Web;SP
Murilo Cunha;42 anos;QA;PB
Heloisa Luz;42 anos;Web;AM
Caua Moura;42 anos;Web;AC
Rita Conceicao;42 anos;QA;RS
Luna Bernardes;42 anos;Web;RO
Jennifer Ramos;42 anos;Mobile;PR
Rayssa Galvao;42 anos;Mobile;AC
Betina Peixoto;42 anos;Web;GO
Daniel Carvalho;42 anos;Web;RS
Bernardo Fernandes;42 anos;Mobile;MT
Yasmin Drumond;42 anos;Web;AL
Bianca Rocha;42 anos;Web;PA
Felipe Lima;42 anos;Mobile;BA
Kevin Costa;42 anos;Web;MG
Aparecida Drumond;42 anos;Web;AM
Gael Freitas;42 anos;QA;AC
Marcia Freitas;42 anos;Mobile;AM
Marcos Lopes;42 anos;Web;CE
Lorena Neves;42 anos;QA;RS
Fernando Bernardes;42 anos;Mobile;TO
Vicente Campos;42 anos;Web;TO
Jose Gomes;42 anos;Mobile;PI
Sebastiana Mendes;42 anos;Web;MT
Lavinia Nunes;42 anos;Web;DF
Levi Jesus;42 anos;QA;PR
Severino Mendes;42 anos;Web;GO
Fernanda Paz;42 anos;Web;AL
Leticia Monteiro;42 anos;Mobile;MG
Milena Rodrigues;42 anos;Mobile;PE
Sueli Martins;42 anos;QA;AP
Otavio Silveira;42 anos;Web;RR
Andrea Silva;42 anos;Web;TO
Rosa Fogaca;42 anos;Web;PA
Beatriz Viana;42 anos;Web;SP
Teresinha Galvao;42 anos;Mobile;PE
Aurora Luz;42 anos;Mobile;RJ
Caleb Lima;42 anos;Mobile;PR
Davi Moreira;42 anos;Mobile;PE
Sebastiana Jesus;42 anos;Mobile;RO
Manuela Duarte;42 anos;Web;PA
Daiane Duarte;42 anos;Web;MT
Andreia Almeida;42 anos;Mobile;AC
Renata Drumond;42 anos;Mobile;SP
Sara Almeida;42 anos;QA;DF
Mario Duarte;42 anos;Web;MG
Nicole Moura;42 anos;Mobile;RJ
Pedro Monteiro;42 anos;QA;PA
Sophie Silveira;42 anos;Web;PA
Yasmin Novaes;42 anos;Web;PI
Rita Paula;42 anos;Web;SC
Sueli Paz;42 anos;Mobile;RS
Cecilia Costa;42 anos;Web;CE
Levi Neves;42 anos;Web;RS
Yasmin Aparicio;42 anos;Mobile;AP
Lucca Rezende;42 anos;Mobile;AC
Yuri Santos;42 anos;Mobile;SP
Cesar Campos;42 anos;Web;TO
Roberto Alves;42 anos;QA;GO
Benedita Sales;42 anos;Web;BA
Andre Fernandes;43 anos;QA;SC
Amanda Farias;43 anos;QA;SP
Kaue Castro;43 anos;QA;RO
Leonardo Viana;43 anos;Mobile;CE
Sophia Pinto;43 anos;QA;MG
Silvana Vieira;43 anos;Mobile;MT
Isabella Real;43 anos;QA;MT
Enrico Assuncao;43 anos;QA;SP
Eduardo Figueiredo;43 anos;QA;BA
Geraldo Moreira;43 anos;Mobile;GO
Heitor Lopes;43 anos;Mobile;RJ
Analu Nunes;43 anos;QA;PI
Juliana Conceicao;43 anos;QA;PR
Gael Martins;43 anos;Mobile;CE
Bruno Almada;43 anos;Mobile;AM
Louise Assuncao;43 anos;Web;PE
Matheus Rezende;43 anos;Web;RO
Emanuel Vieira;43 anos;Web;MG
Malu Santos;43 anos;Mobile;TO
Simone Conceicao;43 anos;QA;SE
Levi Costa;43 anos;Web;AL
Luis Dias;43 anos;Mobile;RN
Augusto Martins;43 anos;QA;RN
Augusto Silveira;43 anos;Mobile;AP
Bento Jesus;43 anos;Mobile;SE
Sophie Martins;43 anos;QA;AL
Manoel Cruz;43 anos;Web;MG
Eduarda Oliveira;43 anos;Mobile;AM
Luzia Duarte;43 anos;QA;ES
Giovanna Luz;43 anos;Mobile;RO
Hadassa Moraes;44 anos;Web;RO
Cecilia Gomes;44 anos;Web;PR
Carlos Aragao;44 anos;Mobile;AP
Malu Peixoto;44 anos;Web;PI
Sophie Rosa;44 anos;Web;BA
Gabriel Pereira;44 anos;Mobile;AC
Manuel Lopes;44 anos;Mobile;TO
Kamilly Cunha;44 anos;Web;TO
Nicole Lima;44 anos;Mobile;GO
Livia Almada;44 anos;Mobile;PI
Anthony Aparicio;44 anos;QA;RJ
Danilo Costa;44 anos;Web;BA
Sophie Viana;44 anos;Mobile;SC
Emanuelly Melo;44 anos;Mobile;AM
Hugo Fogaca;44 anos;Mobile;PI
Pietro Nascimento;44 anos;Mobile;CE
Flavia Costa;44 anos;Web;ES
Carlos Barros;44 anos;Mobile;CE
Isabella Pinto;44 anos;Web;MT
Giovanna Figueiredo;44 anos;Mobile;PE
Lorenzo Baptista;44 anos;Mobile;MS
Ayla Melo;44 anos;QA;PB
Lorenzo Viana;44 anos;QA;DF
Mario Silva;44 anos;QA;RN
Eduardo Costa;44 anos;Web;MS
Yago Rocha;44 anos;QA;SC
Diego Moreira;44 anos;Mobile;AL
Yasmin Assis;44 anos;QA;AM
Jennifer Assuncao;44 anos;QA;SC
Gustavo Oliveira;44 anos;Web;AL
Nelson Barbosa;47 anos;Web;TO
Juliana Fernandes;47 anos;Mobile;AL
Aurora Fogaca;47 anos;QA;PR
Clarice Costa;47 anos;QA;PI
Daniela Barbosa;47 anos;QA;TO
Malu Silveira;47 anos;Web;RN
Ana Freitas;47 anos;Mobile;PE
Filipe Figueiredo;47 anos;Web;MT
Noah Rodrigues;47 anos;Mobile;SP
Caio Barros;47 anos;Web;PE
Helena Assis;47 anos;QA;AC
Sebastiao Santos;47 anos;Mobile;PI
Pedro Pires;47 anos;Mobile;TO
Daiane Nogueira;47 anos;Mobile;ES
Jorge Pereira;47 anos;Mobile;RN
Jose Paula;47 anos;Mobile;RO
Fabio Assuncao;47 anos;Mobile;ES
Debora Melo;47 anos;Web;PE
Emily Moura;47 anos;Mobile;TO
Juliana Nogueira;47 anos;QA;SC
Marcela Drumond;47 anos;Mobile;RS
Marli Aragao;47 anos;Mobile;DF
Noah Peixoto;47 anos;Web;PA
Tatiane Silva;47 anos;Mobile;AP
Olivia Monteiro;47 anos;Web;PI
Roberto Rodrigues;47 anos;QA;PR
Aurora Aparicio;47 anos;Mobile;MA
Calebe Paz;47 anos;Mobile;RO
Kevin Almeida;47 anos;Mobile;MA
Amanda Assuncao;47 anos;QA;SP
Renato Assis;47 anos;Mobile;TO
Helena Jesus;47 anos;QA;PI
Gabrielly Silva;47 anos;QA;PB
Guilherme Santos;47 anos;QA;TO
Yago Silva;47 anos;Mobile;DF
Tereza Pinto;47 anos;QA;MS
Luzia Gomes;47 anos;Mobile;SE
Carlos Aparicio;47 anos;Web;AC
Bruna Alves;47 anos;Mobile;RS
Marli Moreira;47 anos;Web;AP
Flavia Cardoso;47 anos;Web;AP
Simone Figueiredo;47 anos;Mobile;RS
Diego Freitas;47 anos;Web;PI
Manoel Cavalcanti;47 anos;QA;AM
Andreia Silveira;47 anos;Web;SC
Murilo Nogueira;47 anos;QA;SC
Ester Figueiredo;47 anos;QA;TO
Kevin Baptista;47 anos;QA;RJ
Otavio Caldeira;47 anos;QA;AL
Liz Aparicio;47 anos;Mobile;CE
Emily Moraes;47 anos;Web;RN
Severino Ramos;47 anos;Web;TO
Heitor Nogueira;47 anos;QA;AP
Thomas Cunha;47 anos;Mobile;RS
Caroline Ribeiro;47 anos;QA;SE
Sophie Paula;47 anos;QA;PB
Guilherme Almeida;47 anos;Mobile;MS
Olivia Souza;47 anos;Mobile;GO
Emanuel Paula;47 anos;QA;MA
Raul Viana;47 anos;QA;RR
Manuel Baptista;47 anos;Mobile;PB
Julia Costa;47 anos;Mobile;TO
Otavio Luz;47 anos;Mobile;MG
Ester Figueiredo;47 anos;Web;RN
Luan Assuncao;47 anos;Mobile;AM
Gustavo Carvalho;47 anos;QA;SE
Sebastiao Costa;47 anos;Web;DF
Jessica Aparicio;47 anos;QA;BA
Alana Cunha;47 anos;Web;AP
Agatha Castro;47 anos;Mobile;MG
Sonia Fogaca;47 anos;Mobile;RJ
Isabelle Costa;47 anos;Web;PI
Otavio Cardoso;47 anos;QA;PR
Yago Moura;47 anos;Web;TO
Andrea Drumond;47 anos;Web;AL
Luna Silveira;47 anos;Mobile;MG
Louise Moura;47 anos;Mobile;MA
Eloa Assis;47 anos;QA;RN
Debora Silva;47 anos;Web;PR
Rafael Cardoso;47 anos;Web;CE
Leandro Teixeira;47 anos;Mobile;MG
Breno Pereira;47 anos;Web;MG
Edson Ribeiro;47 anos;Web;PI
Gael Rodrigues;47 anos;Mobile;AM
Mateus Cardoso;47 anos;Mobile;SP
Helena Vieira;47 anos;Mobile;PE
Julia Assuncao;47 anos;Mobile;RR
Paulo Pires;47 anos;QA;TO
Mirella Carvalho;47 anos;Web;RR
Diego Nunes;47 anos;QA;MA
Thiago Silva;47 anos;Mobile;AL
Barbara Almada;47 anos;QA;AC
Nathan Fogaca;47 anos;Mobile;PB
Daniel Alves;47 anos;Mobile;GO
Mirella Neves;47 anos;Web;PR
Breno Barros;47 anos;Mobile;BA
Giovana Almeida;47 anos;Mobile;SC
Pietro Farias;47 anos;QA;RO
Priscila Barbosa;47 anos;Web;SP
Kaue Galvao;47 anos;QA;MA
Caleb Freitas;47 anos;Web;SE
Theo Moreira;47 anos;Web;MG
Mario Caldeira;47 anos;Web;TO
Jose Luz;47 anos;Web;PR
Pedro Freitas;47 anos;Web;PB
Camila Barros;47 anos;Mobile;MG
Leandro Rodrigues;47 anos;QA;AP
Mirella Almada;47 anos;Web;BA
Thales Farias;47 anos;Web;BA
Yago Rocha;47 anos;Mobile;TO
Juliana Araujo;47 anos;QA;PI
Bruna Pinto;47 anos;Mobile;PR
Thiago Moura;47 anos;Mobile;DF
Eduardo Bernardes;47 anos;Mobile;SC
Regina Peixoto;47 anos;Mobile;BA
Lucca Paula;47 anos;QA;ES
Brenda Ribeiro;47 anos;QA;MS
Marcelo Pinto;47 anos;Mobile;DF
Mario Nunes;47 anos;Web;SP
Esther Mota;48 anos;Web;ES
Murilo Rezende;48 anos;Web;AP
Helena Caldeira;48 anos;QA;MS
Antonio Ferreira;48 anos;QA;SC
Renata Farias;48 anos;Web;SC
Esther Fogaca;48 anos;Web;PR
Andrea Almeida;48 anos;QA;RR
Yasmin Costa;48 anos;Web;RN
Giovanna Dias;48 anos;Mobile;PA
Andrea Dias;48 anos;Mobile;SC
Stella Baptista;48 anos;QA;ES
Larissa Cunha;48 anos;Mobile;RS
Nicole Carvalho;48 anos;Web;RJ
Nair Teixeira;48 anos;Mobile;CE
Jorge Ferreira;48 anos;Web;SP
Teresinha Costa;48 anos;QA;RN
Luzia Cavalcanti;48 anos;QA;AC
Laura Peixoto;48 anos;Mobile;PA
Hugo Alves;48 anos;Web;CE
Nelson Pereira;48 anos;Web;PB
Victor Porto;48 anos;Mobile;MS
Igor Galvao;48 anos;Web;SE
Daiane Pereira;48 anos;Web;AC
Bento Martins;48 anos;QA;AP
Kamilly Caldeira;48 anos;Mobile;AC
Mario Melo;48 anos;Mobile;RJ
Raimundo Fernandes;48 anos;Mobile;BA
Caleb Farias;48 anos;Web;MA
Flavia Alves;48 anos;Mobile;AL
Josefa Cavalcanti;48 anos;Web;PR
Esther Moraes;49 anos;Web;PE
Sonia Monteiro;49 anos;Web;AP
Thomas Vieira;49 anos;Web;ES
Adriana Silva;49 anos;Mobile;RS
Bernardo Gomes;49 anos;Mobile;DF
Mirella Mendes;49 anos;Mobile;RN
Gael Carvalho;49 anos;QA;PI
Marcio Nogueira;49 anos;Mobile;MG
Emily Almada;49 anos;QA;SP
Eduardo Barbosa;49 anos;Mobile;MS
